{"v":"5.7.8","fr":60,"ip":0,"op":90,"w":309,"h":309,"nm":"Button / Add Stories","ddd":0,"assets":[],"layers":[{"ddd":0,"ind":1,"ty":4,"nm":"Inside","sr":1,"ks":{"o":{"a":0,"k":100,"ix":11},"r":{"a":0,"k":0,"ix":10},"p":{"a":0,"k":[154.5,154.5,0],"ix":2,"l":2},"a":{"a":0,"k":[0,0,0],"ix":1,"l":2},"s":{"a":1,"k":[{"i":{"x":[0,0,0.667],"y":[1,1,1]},"o":{"x":[0.333,0.333,0.333],"y":[0,0,0]},"t":0,"s":[100,100,100]},{"i":{"x":[0.081,0.081,0.667],"y":[1,1,1]},"o":{"x":[0.333,0.333,0.333],"y":[0,0,0]},"t":20,"s":[50,50,100]},{"t":60,"s":[60,60,100]}],"ix":6,"l":2}},"ao":0,"ef":[{"ty":25,"nm":"Тень","np":8,"mn":"ADBE Drop Shadow","ix":1,"en":1,"ef":[{"ty":2,"nm":"Цвет тени","mn":"ADBE Drop Shadow-0001","ix":1,"v":{"a":0,"k":[0,0,0,0.113718315959],"ix":1}},{"ty":0,"nm":"Непрозрачность","mn":"ADBE Drop Shadow-0002","ix":2,"v":{"a":0,"k":28.998,"ix":2}},{"ty":0,"nm":"Направление","mn":"ADBE Drop Shadow-0003","ix":3,"v":{"a":0,"k":180,"ix":3}},{"ty":0,"nm":"Расстояние","mn":"ADBE Drop Shadow-0004","ix":4,"v":{"a":0,"k":3,"ix":4}},{"ty":0,"nm":"Мягкость","mn":"ADBE Drop Shadow-0005","ix":5,"v":{"a":0,"k":3,"ix":5}},{"ty":7,"nm":"Только тень","mn":"ADBE Drop Shadow-0006","ix":6,"v":{"a":0,"k":0,"ix":6}}]}],"sy":[{"c":{"a":0,"k":[0.419607847929,0.282352954149,0.847058832645,0.120164990425],"ix":2},"o":{"a":0,"k":12.016,"ix":3},"a":{"a":0,"k":90,"ix":5},"s":{"a":0,"k":24,"ix":8},"d":{"a":0,"k":30,"ix":6},"ch":{"a":0,"k":0,"ix":7},"bm":{"a":0,"k":1,"ix":1},"no":{"a":0,"k":0,"ix":9},"ty":2,"nm":"Внутренняя тень"}],"shapes":[{"ty":"gr","it":[{"d":1,"ty":"el","s":{"a":0,"k":[56,56],"ix":2},"p":{"a":0,"k":[0,0],"ix":3},"nm":"Контур эллипса 1","mn":"ADBE Vector Shape - Ellipse","hd":false},{"ty":"st","c":{"a":0,"k":[1,1,1,1],"ix":3},"o":{"a":0,"k":100,"ix":4},"w":{"a":0,"k":0,"ix":5},"lc":1,"lj":1,"ml":4,"bm":0,"nm":"Обводка 1","mn":"ADBE Vector Graphic - Stroke","hd":false},{"ty":"fl","c":{"a":1,"k":[{"i":{"x":[0.667],"y":[1]},"o":{"x":[1],"y":[0]},"t":0,"s":[1,1,1,1]},{"t":20,"s":[0.415686279535,0.282352954149,0.850980401039,1]}],"ix":4},"o":{"a":0,"k":100,"ix":5},"r":1,"bm":0,"nm":"Заливка 2","mn":"ADBE Vector Graphic - Fill","hd":false},{"ty":"tr","p":{"a":0,"k":[0,0],"ix":2},"a":{"a":0,"k":[0,0],"ix":1},"s":{"a":0,"k":[322.315,322.315],"ix":3},"r":{"a":0,"k":0,"ix":6},"o":{"a":0,"k":100,"ix":7},"sk":{"a":0,"k":0,"ix":4},"sa":{"a":0,"k":0,"ix":5},"nm":"Преобразовать"}],"nm":"Inside","np":3,"cix":2,"bm":0,"ix":1,"mn":"ADBE Vector Group","hd":false}],"ip":0,"op":90,"st":0,"bm":0},{"ddd":0,"ind":2,"ty":4,"nm":"Out","sr":1,"ks":{"o":{"a":0,"k":50,"ix":11},"r":{"a":0,"k":0,"ix":10},"p":{"a":0,"k":[154.5,154.5,0],"ix":2,"l":2},"a":{"a":0,"k":[0,0,0],"ix":1,"l":2},"s":{"a":1,"k":[{"i":{"x":[0,0,0.667],"y":[1,1,1]},"o":{"x":[0.333,0.333,0.333],"y":[0,0,0]},"t":0,"s":[110,110,100]},{"i":{"x":[0.081,0.081,0.667],"y":[1,1,1]},"o":{"x":[0.333,0.333,0.333],"y":[0,0,0]},"t":20,"s":[60,60,100]},{"t":60,"s":[80,80,100]}],"ix":6,"l":2}},"ao":0,"ef":[{"ty":25,"nm":"Тень","np":8,"mn":"ADBE Drop Shadow","ix":1,"en":1,"ef":[{"ty":2,"nm":"Цвет тени","mn":"ADBE Drop Shadow-0001","ix":1,"v":{"a":0,"k":[0,0,0,0.5],"ix":1}},{"ty":0,"nm":"Непрозрачность","mn":"ADBE Drop Shadow-0002","ix":2,"v":{"a":0,"k":127.5,"ix":2}},{"ty":0,"nm":"Направление","mn":"ADBE Drop Shadow-0003","ix":3,"v":{"a":0,"k":180,"ix":3}},{"ty":0,"nm":"Расстояние","mn":"ADBE Drop Shadow-0004","ix":4,"v":{"a":0,"k":6,"ix":4}},{"ty":0,"nm":"Мягкость","mn":"ADBE Drop Shadow-0005","ix":5,"v":{"a":0,"k":12,"ix":5}},{"ty":7,"nm":"Только тень","mn":"ADBE Drop Shadow-0006","ix":6,"v":{"a":0,"k":0,"ix":6}}]}],"shapes":[{"ty":"gr","it":[{"d":1,"ty":"el","s":{"a":0,"k":[72,72],"ix":2},"p":{"a":0,"k":[0,0],"ix":3},"nm":"Контур эллипса 1","mn":"ADBE Vector Shape - Ellipse","hd":false},{"ty":"st","c":{"a":0,"k":[1,1,1,1],"ix":3},"o":{"a":0,"k":100,"ix":4},"w":{"a":1,"k":[{"i":{"x":[0.833],"y":[1]},"o":{"x":[0.167],"y":[0]},"t":0,"s":[5]},{"i":{"x":[0.276],"y":[1]},"o":{"x":[0.333],"y":[0]},"t":20,"s":[6]},{"t":60,"s":[50]}],"ix":5},"lc":1,"lj":1,"ml":4,"bm":0,"nm":"Обводка 1","mn":"ADBE Vector Graphic - Stroke","hd":false},{"ty":"tr","p":{"a":0,"k":[0,0],"ix":2},"a":{"a":0,"k":[0,0],"ix":1},"s":{"a":0,"k":[300,300],"ix":3},"r":{"a":0,"k":0,"ix":6},"o":{"a":0,"k":100,"ix":7},"sk":{"a":0,"k":0,"ix":4},"sa":{"a":0,"k":0,"ix":5},"nm":"Преобразовать"}],"nm":"Out","np":2,"cix":2,"bm":0,"ix":1,"mn":"ADBE Vector Group","hd":false}],"ip":0,"op":93,"st":0,"bm":0}],"markers":[]}